"","Name","Sex","Age","Height","Weight","bmi","Year","Nationality","SubRegion","continent","Population","GDP","countryWins","subRegionWins","HomeAdvantage","marathons","Gmarathons","Smarathons","Bmarathons","avgTime","bestTime","avgTimeScore","bestTimeScore","avgPosition","bestPosition","avgPositionScore","bestPositionScore","avgPerformanceScore","bestPerformanceScore","monthsBestTime","Position","Medal","Time","TimeMins","TimeSecs"
"1","Kenza Tifahi Dahmani","F",35,164,54,20.0773349196907,2016,"Algeria","Northern Africa","Africa",40606052,1.59049e+11,0,0,FALSE,5,0,1,0,160.353333333333,153.883333333333,683.6,774,1,1,270,270,953.6,1044,4,50,FALSE,"2:38:37",158.616666666667,9517
"2","Souad At Salem (-Mahour-Bacha)","F",33,158,50,20.0288415318058,2012,"Algeria","Northern Africa","Africa",37565847,2.09059e+11,0,0,FALSE,3,1,0,0,146.722222222222,145.133333333333,882,907,1.66666666666667,1,245,270,1127,1177,65,37,FALSE,"2:31:15",151.25,9075
"3","Souad At Salem (-Mahour-Bacha)","F",29,158,50,20.0288415318058,2008,"Algeria","Northern Africa","Africa",34860715,1.71001e+11,0,0,FALSE,2,1,0,0,146.408333333333,145.133333333333,887,907,2,1,232.5,270,1119.5,1177,17,9,FALSE,"2:28:29",148.483333333333,8909
"4","Sandra Edith Torres lvarez","F",29,157,47,19.0677106576332,2004,"Argentina","Latin America and the Caribbean","Latin America and the Caribbean",38728696,1.64658e+11,0,0,FALSE,2,0,0,2,165.783333333333,160.383333333333,612,682,1,1,270,270,882,952,4,55,FALSE,"2:54:48",174.8,10488
"5","Rosa Liliana Godoy","F",34,160,47,18.359375,2016,"Argentina","Latin America and the Caribbean","Latin America and the Caribbean",43847430,5.45476e+11,0,0,FALSE,5,0,2,2,165.6,158.6,615,706,4,1,194,270,809,902,4,110,FALSE,"2:52:31",172.516666666667,10351
"6","Kerryn Anne McCann (Hindmarsh-)","F",37,162,47,17.908855357415,2004,"Australia","Australia and New Zealand","Oceania",20127400,6.1333e+11,0,0,FALSE,7,4,2,0,150.497619047619,145.983333333333,824.857142857143,893,1.85714285714286,1,234.285714285714,270,1059.14285714286,1162,52,31,FALSE,"2:41:41",161.683333333333,9701
"7","Kate Smyth (Harris-)","F",35,165,50,18.3654729109275,2008,"Australia","Australia and New Zealand","Oceania",21249200,1.05533e+12,0,0,FALSE,5,2,3,0,156.28,148.85,741.4,849,1.4,1,250,270,991.4,1119,4,44,FALSE,"2:36:10",156.166666666667,9370
"8","Jessica Trengove","F",28,166,52,18.8706633763972,2016,"Australia","Australia and New Zealand","Oceania",24127159,1.20462e+12,0,0,FALSE,4,0,1,0,151.541666666667,147.75,809,866,2,1,233.75,270,1042.75,1136,10,22,FALSE,"2:31:44",151.733333333333,9104
"9","Lisa Jane Weightman","F",29,157,44,17.8506227433162,2008,"Australia","Australia and New Zealand","Oceania",21249200,1.05533e+12,0,0,FALSE,1,1,0,0,152.533333333333,152.533333333333,793,793,4,4,175,175,968,968,4,33,FALSE,"2:34:16",154.266666666667,9256
"10","Kerryn Anne McCann (Hindmarsh-)","F",33,162,47,17.908855357415,2000,"Australia","Australia and New Zealand","Oceania",19153000,4.15446e+11,0,0,TRUE,5,3,1,0,151.783333333333,145.983333333333,805.6,893,2.2,1,220,270,1025.6,1113,4,11,FALSE,"2:28:37",148.616666666667,8917
"11","Jessica Trengove","F",24,166,52,18.8706633763972,2012,"Australia","Australia and New Zealand","Oceania",22728254,1.53819e+12,0,0,FALSE,1,0,1,0,151.033333333333,151.033333333333,816,816,4,4,175,175,991,991,5,39,FALSE,"2:31:17",151.283333333333,9077
"12","Susan Elizabeth ""Sue"" Hobson","F",42,170,55,19.0311418685121,2000,"Australia","Australia and New Zealand","Oceania",19153000,4.15446e+11,0,0,TRUE,4,0,1,0,152.9375,152.616666666667,787.5,792,1.5,1,251.25,270,1038.75,1061,7,35,FALSE,"2:38:44",158.733333333333,9524
"13","Lisa Jane Weightman","F",37,157,44,17.8506227433162,2016,"Australia","Australia and New Zealand","Oceania",24127159,1.20462e+12,0,0,FALSE,7,3,2,1,148.945238095238,146.083333333333,847.714285714286,892,2.42857142857143,1,222.142857142857,270,1069.85714285714,1162,34,31,FALSE,"2:34:41",154.683333333333,9281
"14","Lisa Jane Weightman","F",33,157,44,17.8506227433162,2012,"Australia","Australia and New Zealand","Oceania",22728254,1.53819e+12,0,0,FALSE,4,2,2,0,150.354166666667,148.8,826.25,850,3,1,205,270,1031.25,1120,28,17,FALSE,"2:27:32",147.533333333333,8852
"15","Eva-Maria Gradwohl (Wilfing-)","F",35,168,57,20.1955782312925,2008,"Austria","Western Europe","Europe",8321496,4.30294e+11,0,0,FALSE,9,1,0,0,160.072222222222,150.85,688.222222222222,819,1.55555555555556,1,248.333333333333,270,936.555555555556,1089,4,57,FALSE,"2:44:24",164.4,9864
"16","Andrea Mayr","F",36,174,53,17.5056150085877,2016,"Austria","Western Europe","Europe",8747358,3.908e+11,0,0,FALSE,5,1,2,0,153.146666666667,150.716666666667,784.8,821,3.6,1,203,270,987.8,1091,88,64,FALSE,"2:41:52",161.866666666667,9712
"17","Andrea Mayr","F",32,174,53,17.5056150085877,2012,"Austria","Western Europe","Europe",8429991,4.09425e+11,0,0,FALSE,3,0,1,0,152.472222222222,150.716666666667,794.666666666667,821,1.66666666666667,1,245,270,1039.66666666667,1091,40,54,FALSE,"2:34:51",154.85,9291
"18","Els Rens","F",33,160,51,19.921875,2016,"Belgium","Western Europe","Europe",11348159,4.67956e+11,0,0,FALSE,5,0,5,0,164.533333333333,158.266666666667,628,711,1.4,1,250,270,878,981,10,84,FALSE,"2:45:52",165.866666666667,9952
"19","Veerle Dejaeghere","F",43,159,46,18.1954827736245,2016,"Belgium","Western Europe","Europe",11348159,4.67956e+11,0,0,FALSE,1,1,0,0,151.933333333333,151.933333333333,802,802,7,7,135,135,937,937,11,47,FALSE,"2:37:39",157.65,9459
"20","Magda Ilands (-Moons, -Versluys)","F",38,159,53,20.9643605870021,1988,"Belgium","Western Europe","Europe",9901664,1.63168e+11,0,0,FALSE,9,4,0,0,156.638888888889,153.883333333333,734.444444444444,774,1.11111111111111,1,264.444444444444,270,998.888888888889,1044,23,35,FALSE,"2:38:02",158.033333333333,9482
"21","Manuela Soccol","F",28,157,42,17.0392308004382,2016,"Belgium","Western Europe","Europe",11348159,4.67956e+11,0,0,FALSE,2,1,1,0,158.316666666667,157.15,710.5,727,6.5,4,127.5,175,838,902,4,74,FALSE,"2:44:18",164.3,9858
"22","Sonia Calizaya Huanca","F",32,151,43,18.858821981492,2008,"Boliva","Latin America and the Caribbean","Latin America and the Caribbean",9599855,16674324634,0,0,FALSE,1,0,0,1,165.083333333333,165.083333333333,619,619,1,1,270,270,889,889,9,59,FALSE,"2:45:53",165.883333333333,9953
"23","Solange Cordeiro de Souza","F",27,156,43,17.6692965154504,1996,"Brazil","Latin America and the Caribbean","Latin America and the Caribbean",164913306,8.50426e+11,0,0,FALSE,2,0,0,0,166.441666666667,156.5,608,736,3.5,1,207.5,270,815.5,1006,31,60,FALSE,"2:56:23",176.383333333333,10583
"24","Adriana Aparecida da Silva","F",31,166,52,18.8706633763972,2012,"Brazil","Latin America and the Caribbean","Latin America and the Caribbean",200560983,2.46519e+12,0,0,FALSE,4,2,1,0,154.120833333333,149.283333333333,771.5,842,3,1,211.25,270,982.75,1062,6,47,FALSE,"2:33:15",153.25,9195
"25","Adriana Aparecida da Silva","F",35,166,52,18.8706633763972,2016,"Brazil","Latin America and the Caribbean","Latin America and the Caribbean",207652865,1.79619e+12,0,0,TRUE,8,4,3,0,154.14375,149.283333333333,770.875,842,3.5,1,193.75,270,964.625,1062,54,69,FALSE,"2:43:22",163.366666666667,9802
"26","Marily dos Santos","F",30,158,46,18.4265342092613,2008,"Brazil","Latin America and the Caribbean","Latin America and the Caribbean",192979029,1.69582e+12,0,0,FALSE,3,0,0,0,166.105555555556,156.35,608.666666666667,738,1,1,270,270,878.666666666667,1008,4,51,FALSE,"2:38:10",158.166666666667,9490
"27","Graciete Feira de Santana","F",35,155,43,17.89802289282,2016,"Brazil","Latin America and the Caribbean","Latin America and the Caribbean",207652865,1.79619e+12,0,0,TRUE,5,0,0,1,164.156666666667,158.55,632.6,707,1.2,1,260,270,892.6,940,6,128,FALSE,"3:09:15",189.25,11355
"28","Marily dos Santos","F",38,158,46,18.4265342092613,2016,"Brazil","Latin America and the Caribbean","Latin America and the Caribbean",207652865,1.79619e+12,0,0,TRUE,10,0,1,1,162.098333333333,151.916666666667,661.1,803,1.5,1,253.5,270,914.6,1073,52,78,FALSE,"2:45:08",165.133333333333,9908
"29","Eunice Jepkirui Kirwa","F",32,155,49,20.3954214360042,2016,"Bahrain","Western Asia","Asia",1425171,32179069149,1,1,FALSE,5,1,3,0,143.133333333333,141.683333333333,938.8,962,1,1,270,270,1208.8,1232,46,2,TRUE,"2:24:13",144.216666666667,8653
"30","Lishan Dula Gemgchu","F",25,164,44,16.3593099345628,2012,"Bahrain","Western Asia","Asia",1300217,30749308511,1,1,FALSE,3,0,2,1,149.744444444444,146.933333333333,835.666666666667,878,2,1,228.333333333333,270,1064,1126,16,62,FALSE,"2:36:20",156.333333333333,9380
"31","Militsa Mircheva","F",22,165,50,18.3654729109275,2016,"Bulgaria","Eastern Europe","Europe",7127822,53237882473,0,0,FALSE,1,0,0,0,164.383333333333,164.383333333333,628,628,1,1,270,270,898,898,10,108,FALSE,"2:51:06",171.1,10266
"32","Nary Ly","F",44,160,55,21.484375,2016,"Cambodia","South-eastern Asia","Asia",15762370,20016747754,0,0,FALSE,3,2,0,1,182.6,179.7,411.666666666667,443,3.33333333333333,2,190,220,601.666666666667,627,9,133,FALSE,"3:20:20",200.333333333333,12020
"33","Lanni Marchant","F",32,155,48,19.9791883454735,2016,"Canada","Northern America","Northern America",36286425,1.52976e+12,0,0,FALSE,5,1,4,0,152.65,148,794.4,862,2.2,1,232,270,1026.4,1132,34,24,FALSE,"2:33:08",153.133333333333,9188
"34","Odette Lapierre","F",33,162,50,19.0519737844841,1988,"Canada","Northern America","Northern America",26895000,5.07354e+11,0,0,FALSE,3,0,0,1,155.3,151.8,753.666666666667,804,1.33333333333333,1,253.333333333333,270,1007,1045,24,11,FALSE,"2:30:56",150.933333333333,9056
"35","Anne Marie Malone (-Macrow)","F",24,165,42,15.4269972451791,1984,"Canada","Northern America","Northern America",25702000,3.55373e+11,0,0,FALSE,2,1,1,0,154.691666666667,153,762.5,787,1,1,270,270,1032.5,1057,3,17,FALSE,"2:36:33",156.55,9393
"36","Krista DuChene","F",39,167,54,19.3624726594715,2016,"Canada","Northern America","Northern America",36286425,1.52976e+12,0,0,FALSE,5,0,5,0,156.003333333333,148.533333333333,747.8,854,2,1,231,270,978.8,1074,34,35,FALSE,"2:35:29",155.483333333333,9329
"37","rika Alejandra Olivera de la Fuente","F",40,165,55,20.2020202020202,2016,"Chile","Latin America and the Caribbean","Latin America and the Caribbean",17909754,2.47028e+11,0,0,FALSE,5,0,0,3,160.61,156.316666666667,680.6,739,1,1,270,270,950.6,1009,88,36,FALSE,"2:35:49",155.816666666667,9349
"38","Natalia del Carmen Romero Jaramillo","F",36,163,57,21.4535737137265,2016,"Chile","Latin America and the Caribbean","Latin America and the Caribbean",17909754,2.47028e+11,0,0,FALSE,10,2,0,8,163.906666666667,154.916666666667,636.2,759,2.9,1,220.5,270,856.7,1029,52,123,FALSE,"3:01:29",181.483333333333,10889
"39","Natalia del Carmen Romero Jaramillo","F",32,163,57,21.4535737137265,2012,"Chile","Latin America and the Caribbean","Latin America and the Caribbean",17309746,2.67122e+11,0,0,FALSE,7,0,0,7,163.585714285714,154.916666666667,641.142857142857,759,1.42857142857143,1,248.571428571429,270,889.714285714286,1029,4,69,FALSE,"2:37:47",157.783333333333,9467
"40","Ren Xiujuan","F",25,160,56,21.875,2000,"China","Eastern Asia","Asia",1262645000,1.21135e+12,1,3,FALSE,6,3,1,1,150.261111111111,145.533333333333,828.166666666667,900,1,1,270,270,1098.16666666667,1170,4,10,FALSE,"2:27:55",147.916666666667,8875
"41","Li Juan","F",19,160,46,17.96875,1988,"China","Eastern Asia","Asia",1101630000,3.12354e+11,1,3,FALSE,2,0,0,1,154.658333333333,151.733333333333,763,805,1,1,270,270,1033,1075,4,54,FALSE,"2:53:08",173.133333333333,10388
"42","Wang Xueqin","F",21,162,50,19.0519737844841,2012,"China","Eastern Asia","Asia",1350695000,8.56055e+12,1,3,FALSE,5,0,4,1,150.996666666667,145.883333333333,817.8,895,2.2,1,221,270,1038.8,1128,5,22,FALSE,"2:28:21",148.35,8901
"43","Zhu Xiaolin","F",24,168,50,17.7154195011338,2008,"China","Eastern Asia","Asia",1324655000,4.59821e+12,1,3,TRUE,5,5,0,0,150.41,143.95,827.6,925,2.2,1,226,270,1053.6,1161,70,4,FALSE,"2:27:16",147.266666666667,8836
"44","Hua Shaoqing","F",22,165,50,18.3654729109275,2016,"China","Eastern Asia","Asia",1378665000,1.11991e+13,1,3,FALSE,3,1,1,1,156.238888888889,149.233333333333,745,843,1,1,270,270,1015,1113,5,79,FALSE,"2:45:09",165.15,9909
"45","Zhong Huandi","F",21,155,42,17.4817898022893,1988,"China","Eastern Asia","Asia",1101630000,3.12354e+11,1,3,FALSE,1,0,0,0,152.216666666667,152.216666666667,798,798,1,1,270,270,1068,1068,17,30,FALSE,"2:36:02",156.033333333333,9362
"46","Zhang Shujing","F",25,163,52,19.5716812826979,2004,"China","Eastern Asia","Asia",1296075000,1.95535e+12,1,3,FALSE,9,7,1,0,150.072222222222,143.283333333333,832.333333333333,936,1.55555555555556,1,245,270,1077.33333333333,1206,22,12,FALSE,"2:34:34",154.566666666667,9274
"47","Li Helan","F",26,165,48,17.6308539944904,2004,"China","Eastern Asia","Asia",1296075000,1.95535e+12,1,3,FALSE,5,4,0,0,151.493333333333,146.983333333333,811,878,2.2,1,220,270,1031,1085,22,22,FALSE,"2:37:53",157.883333333333,9473
"48","Yue Chao","F",25,165,50,18.3654729109275,2016,"China","Eastern Asia","Asia",1378665000,1.11991e+13,1,3,FALSE,8,3,3,2,154.7,149.433333333333,764.625,840,1.75,1,239.375,270,1004,1097,17,53,FALSE,"2:39:09",159.15,9549
"49","Zhou Chunxiu","F",29,162,45,17.1467764060357,2008,"China","Eastern Asia","Asia",1324655000,4.59821e+12,1,3,TRUE,5,4,1,0,141.763333333333,139.85,960.8,992,1,1,270,270,1230.8,1262,29,3,TRUE,"2:27:07",147.116666666667,8827
"50","Zhang Shujing","F",29,163,52,19.5716812826979,2008,"China","Eastern Asia","Asia",1324655000,4.59821e+12,1,3,TRUE,13,10,2,0,149.717948717949,143.283333333333,837.230769230769,936,1.61538461538462,1,241.153846153846,270,1078.38461538462,1206,70,41,FALSE,"2:35:35",155.583333333333,9335
"51","Zhu Xiaolin","F",28,168,50,17.7154195011338,2012,"China","Eastern Asia","Asia",1350695000,8.56055e+12,1,3,FALSE,10,8,0,2,148.281666666667,143.95,859.2,925,2.4,1,215.5,270,1074.7,1161,118,6,FALSE,"2:24:48",144.8,8688
"52","Zhou Chunxiu","F",25,162,45,17.1467764060357,2004,"China","Eastern Asia","Asia",1296075000,1.95535e+12,1,3,FALSE,2,2,0,0,143.575,143.466666666667,931.5,933,1,1,270,270,1201.5,1203,5,33,FALSE,"2:42:54",162.9,9774
"53","Wang Jiali","F",26,160,50,19.53125,2012,"China","Eastern Asia","Asia",1350695000,8.56055e+12,1,3,FALSE,6,3,1,1,150.277777777778,142.683333333333,829.166666666667,946,1,1,270,270,1099.16666666667,1216,5,58,FALSE,"2:35:46",155.766666666667,9346
"54","Angie Orjuela Soche","F",27,158,46,18.4265342092613,2016,"Colombia","Latin America and the Caribbean","Latin America and the Caribbean",48653419,2.82463e+11,0,0,FALSE,4,0,1,1,163.191666666667,154.966666666667,648.5,758,1.5,1,251.25,270,899.75,1028,16,43,FALSE,"2:37:05",157.083333333333,9425
"55","Annemette Jensen","F",32,163,52,19.5716812826979,2004,"Denmark","Northern Europe","Europe",5404523,2.51373e+11,0,0,FALSE,7,2,2,0,154.828571428571,150.116666666667,760.571428571429,830,2,1,231.428571428571,270,992,1100,4,49,FALSE,"2:50:01",170.016666666667,10201
"56","Anne Sofie Holm Baumeister (Jrgensen-)","F",28,168,54,19.1326530612245,2016,"Denmark","Northern Europe","Europe",5731118,3.069e+11,0,0,FALSE,2,0,2,0,156.841666666667,154.466666666667,731.5,765,2,1,232.5,270,964,968,10,55,FALSE,"2:39:49",159.816666666667,9589
"57","Jessica Margaret Aida ""Jess"" Draskau-Petersson","F",34,170,62,21.4532871972318,2012,"Denmark","Northern Europe","Europe",5591572,3.27149e+11,0,0,FALSE,2,2,0,0,164.083333333333,162,632.5,660,4,3,175,195,807.5,855,83,40,FALSE,"2:31:43",151.716666666667,9103
"58","Jessica Margaret Aida ""Jess"" Draskau-Petersson","F",38,170,62,21.4532871972318,2016,"Denmark","Northern Europe","Europe",5731118,3.069e+11,0,0,FALSE,5,4,0,0,156.176666666667,150.116666666667,743.8,830,4.4,2,169,220,912.8,1050,10,40,FALSE,"2:36:14",156.233333333333,9374
"59","Sandra de las Mercedes Ruales Mosquera","F",34,161,53,20.4467420238417,2008,"Ecuador","Latin America and the Caribbean","Latin America and the Caribbean",14447562,61762635000,0,0,FALSE,7,0,1,0,161.004761904762,157.033333333333,673.857142857143,728,1,1,270,270,943.857142857143,998,43,43,FALSE,"2:35:53",155.883333333333,9353
"60","Mara Elena Calle Galarza","F",41,162,54,20.5761316872428,2016,"Ecuador","Latin America and the Caribbean","Latin America and the Caribbean",16385068,98613972000,0,0,FALSE,3,2,0,1,163.433333333333,162.316666666667,640.666666666667,655,3.33333333333333,2,190,220,830.666666666667,861,7,99,FALSE,"2:48:39",168.65,10119
"61","Silvia Paredes Yucailla","F",33,164,57,21.192742415229,2016,"Ecuador","Latin America and the Caribbean","Latin America and the Caribbean",16385068,98613972000,0,0,FALSE,2,0,0,1,165.95,162.083333333333,609,659,2,1,232.5,270,841.5,854,7,95,FALSE,"2:48:01",168.016666666667,10081
"62","Rosa Alba Chacha Chacha","F",33,155,48,19.9791883454735,2016,"Ecuador","Latin America and the Caribbean","Latin America and the Caribbean",16385068,98613972000,0,0,FALSE,5,1,0,3,158.643333333333,155.483333333333,706,750,4,1,209,270,915,1020,18,100,FALSE,"2:48:52",168.866666666667,10132
"63","Sandra de las Mercedes Ruales Mosquera","F",30,161,53,20.4467420238417,2004,"Ecuador","Latin America and the Caribbean","Latin America and the Caribbean",13509647,36591661000,0,0,FALSE,3,0,1,0,161.277777777778,157.766666666667,670,718,1,1,270,270,940,988,16,36,FALSE,"2:44:28",164.466666666667,9868
"64","Rosa Alba Chacha Chacha","F",29,155,48,19.9791883454735,2012,"Ecuador","Latin America and the Caribbean","Latin America and the Caribbean",15419666,87924544000,0,0,FALSE,2,0,0,2,157.366666666667,157.283333333333,723.5,725,2,1,232.5,270,956,995,22,83,FALSE,"2:40:57",160.95,9657
"65","Martha Tenorio Pancar","F",34,154,50,21.0828132906055,2000,"Ecuador","Latin America and the Caribbean","Latin America and the Caribbean",12628596,18327764882,0,0,FALSE,2,0,0,0,157.941666666667,156.666666666667,716,734,1,1,270,270,986,1004,28,25,FALSE,"2:33:54",153.9,9234
"66","Ana Isabel Alonso Nieto","F",32,152,46,19.909972299169,1996,"Spain","Southern Europe","Europe",39889852,6.40998e+11,0,1,FALSE,5,0,0,0,156.56,146.85,737.8,880,2,1,237,270,974.8,1150,10,49,FALSE,"2:44:12",164.2,9852
"67","Mara Elena Espeso Gayte","F",39,161,48,18.5178040970642,2012,"Spain","Southern Europe","Europe",46773055,1.33602e+12,0,1,FALSE,2,0,1,1,153.816666666667,150.866666666667,775,818,1,1,270,270,1045,1088,5,61,FALSE,"2:36:12",156.2,9372
"68","Alessandra Aguilar Morn","F",34,165,50,18.3654729109275,2012,"Spain","Southern Europe","Europe",46773055,1.33602e+12,0,1,FALSE,4,0,3,1,150.033333333333,147,831.25,877,2,1,226.25,270,1057.5,1116,16,26,FALSE,"2:29:19",149.316666666667,8959
"69","Ana Isabel Alonso Nieto","F",37,152,46,19.909972299169,2000,"Spain","Southern Europe","Europe",40567864,5.95403e+11,0,1,FALSE,9,0,2,2,153.692592592593,146.85,778.666666666667,880,1.66666666666667,1,246.111111111111,270,1024.77777777778,1150,58,30,FALSE,"2:36:45",156.75,9405
"70","Alessandra Aguilar Morn","F",30,165,50,18.3654729109275,2008,"Spain","Southern Europe","Europe",45954106,1.63502e+12,0,1,FALSE,1,0,1,0,149.05,149.05,846,846,2,2,220,220,1066,1066,4,54,FALSE,"2:39:29",159.483333333333,9569
"71","Yesenia Centeno Sousa","F",37,157,47,19.0677106576332,2008,"Spain","Southern Europe","Europe",45954106,1.63502e+12,0,1,FALSE,5,0,4,0,162.17,151.266666666667,662.6,812,1.2,1,260,270,922.6,1032,4,45,FALSE,"2:36:25",156.416666666667,9385
"72","Beatriz Ros Blanco","F",30,169,50,17.5063898322888,2004,"Spain","Southern Europe","Europe",42921895,1.06956e+12,0,1,FALSE,3,2,0,0,151.694444444444,149.416666666667,806.333333333333,840,2.33333333333333,2,211.666666666667,220,1018,1060,12,32,FALSE,"2:41:51",161.85,9711
"73","Vanessa Veiga Comesaa","F",33,159,43,17.0088208536055,2012,"Spain","Southern Europe","Europe",46773055,1.33602e+12,0,1,FALSE,1,0,0,0,152.95,152.95,787,787,2,2,220,220,1007,1007,8,97,FALSE,"2:46:53",166.883333333333,10013
"74","Lily Luik","F",30,163,48,18.066167337875,2016,"Estonia","Northern Europe","Europe",1316481,23337907619,0,0,FALSE,4,0,0,1,167.05,160.5,596,680,2.5,1,215,270,811,855,9,97,FALSE,"2:48:29",168.483333333333,10109
"75","Leila Luik","F",30,165,48,17.6308539944904,2016,"Estonia","Northern Europe","Europe",1316481,23337907619,0,0,FALSE,5,1,2,0,163.53,157.2,641,726,3.2,1,210,270,851,996,32,114,FALSE,"2:54:38",174.633333333333,10478
"76","Evelin Talts","F",35,158,54,21.6311488543503,2012,"Estonia","Northern Europe","Europe",1322696,23043864510,0,0,FALSE,2,0,1,0,169.308333333333,159.3,572,697,5.5,2,150,220,722,777,4,103,FALSE,"2:54:15",174.25,10455
"77","Fatuma Roba","F",26,160,49,19.140625,2000,"Ethiopia","Sub-Saharan Africa","Africa",66537331,8242392104,2,5,FALSE,5,1,3,0,151.12,146.083333333333,815.8,892,1.4,1,250,270,1065.8,1162,49,9,FALSE,"2:27:38",147.633333333333,8858
"78","Tirfi Tsegaye Beyene","F",31,162,52,19.8140527358634,2016,"Ethiopia","Sub-Saharan Africa","Africa",102403196,72374224249,2,5,FALSE,8,6,1,1,144.3625,139.683333333333,920.625,995,1,1,270,270,1190.625,1265,7,4,FALSE,"2:24:47",144.783333333333,8687
"79","Elfenesh Alemu","F",25,165,51,18.732782369146,2000,"Ethiopia","Sub-Saharan Africa","Africa",66537331,8242392104,2,5,FALSE,5,0,3,0,151.61,144.783333333333,808.8,912,1.6,1,240,270,1048.8,1132,7,6,FALSE,"2:26:54",146.9,8814
"80","Dire Tune Arissi","F",23,158,42,16.8242268867169,2008,"Ethiopia","Sub-Saharan Africa","Africa",83184892,27066912635,2,5,FALSE,4,0,0,3,149.391666666667,144.65,841.5,914,1,1,270,270,1111.5,1184,7,15,FALSE,"2:31:16",151.266666666667,9076
"81","Gadissie Edato","F",27,156,43,17.6692965154504,2000,"Ethiopia","Sub-Saharan Africa","Africa",66537331,8242392104,2,5,FALSE,5,0,0,0,155.353333333333,149.95,753.4,832,1.2,1,260,270,1013.4,1102,10,36,FALSE,"2:42:29",162.483333333333,9749
"82","Erba Tiki Gelana","F",24,165,48,17.6308539944904,2012,"Ethiopia","Sub-Saharan Africa","Africa",92444183,43310721414,2,5,FALSE,4,0,2,0,146.091666666667,138.966666666667,894.25,1007,1.5,1,245,270,1139.25,1277,4,1,TRUE,"2:23:07",143.116666666667,8587
"83","Aselefech Mergia","F",27,168,50,17.7154195011338,2012,"Ethiopia","Sub-Saharan Africa","Africa",92444183,43310721414,2,5,FALSE,4,4,0,0,142.483333333333,139.516666666667,949.25,997,1,1,270,270,1219.25,1267,7,42,FALSE,"2:32:03",152.05,9123
"84","Mare Dibaba Hurssa (-Ibrahimova-)","F",22,156,45,18.491124260355,2012,"Ethiopia","Sub-Saharan Africa","Africa",92444183,43310721414,2,5,FALSE,3,1,2,0,142.911111111111,139.866666666667,942.666666666667,992,2,1,228.333333333333,270,1171,1212,7,23,FALSE,"2:28:48",148.8,8928
"85","Mare Dibaba Hurssa (-Ibrahimova-)","F",26,156,45,18.491124260355,2016,"Ethiopia","Sub-Saharan Africa","Africa",102403196,72374224249,2,5,FALSE,6,4,2,0,142.391666666667,139.866666666667,950.833333333333,992,1.83333333333333,1,236.666666666667,270,1187.5,1262,19,3,TRUE,"2:24:30",144.5,8670
"86","Elfenesh Alemu","F",29,165,51,18.732782369146,2004,"Ethiopia","Sub-Saharan Africa","Africa",74624405,10131187261,2,5,FALSE,8,1,5,0,149.604166666667,144.483333333333,839,917,1.625,1,238.75,270,1077.75,1182,40,4,FALSE,"2:28:15",148.25,8895
"87","Sinikka Marja-Liisa Keskitalo (Leppl-)","F",37,153,46,19.6505617497544,1988,"Finland","Northern Europe","Europe",4946481,1.09103e+11,0,0,FALSE,6,1,0,0,155.858333333333,153.3,745.833333333333,782,1.5,1,249.166666666667,270,995,1045,28,42,FALSE,"2:43:00",163,9780
"88","Leena Puotiniemi","F",36,170,52,17.9930795847751,2012,"Finland","Northern Europe","Europe",5413971,2.56706e+11,0,0,FALSE,3,3,0,0,164.911111111111,155.9,625,745,5,3,165,195,790,870,11,87,FALSE,"2:42:01",162.016666666667,9721
"89","Christelle Daunay","F",33,162,43,16.3846974546563,2008,"France","Western Europe","Europe",64374990,2.92347e+12,0,0,FALSE,2,1,1,0,148.65,148.4,852,856,1,1,270,270,1122,1126,7,20,FALSE,"2:31:48",151.8,9108
"90","Jocelyne Villeton (Tranchant-)","F",34,170,55,19.0311418685121,1988,"France","Western Europe","Europe",57836486,1.0235e+12,0,0,FALSE,3,1,0,0,153.422222222222,152.05,780.666666666667,801,1.33333333333333,1,253.333333333333,270,1034,1071,9,19,FALSE,"2:34:02",154.033333333333,9242
"91","Corinne Raux","F",27,164,50,18.5901249256395,2004,"France","Western Europe","Europe",62704897,2.12411e+12,0,0,FALSE,1,1,0,0,149.316666666667,149.316666666667,842,842,2,2,220,220,1062,1062,4,15,FALSE,"2:35:54",155.9,9354
"92","Tracey Anne Morris (Jones-)","F",36,170,53,18.3391003460208,2004,"UK","Northern Europe","Europe",59987905,2.39856e+12,0,0,FALSE,1,1,0,0,153.866666666667,153.866666666667,774,774,2,2,220,220,994,994,4,29,FALSE,"2:41:00",161,9660
"93","Mara Rosalind Yamauchi (Myers-)","F",34,162,51,19.4330132601738,2008,"UK","Northern Europe","Europe",61806995,2.89056e+12,0,0,FALSE,4,3,1,0,149.45,145.216666666667,842,905,2.75,2,201.25,220,1043.25,1118,28,6,FALSE,"2:27:29",147.483333333333,8849
"94","Freya Murray (-Ross)","F",28,158,44,17.6253805479891,2012,"UK","Northern Europe","Europe",63700300,2.66209e+12,0,0,TRUE,1,1,0,0,148.166666666667,148.166666666667,859,859,6,6,145,145,1004,1004,4,44,FALSE,"2:32:14",152.233333333333,9134
"95","Claire Anne Hallissey (Willer-)","F",29,164,48,17.8465199286139,2012,"UK","Northern Europe","Europe",63700300,2.66209e+12,0,0,TRUE,3,2,0,0,151.133333333333,147.733333333333,815.333333333333,866,4.33333333333333,3,168.333333333333,195,983.666666666667,1035,4,57,FALSE,"2:35:39",155.65,9339
"96","Alyson Dixon","F",37,155,43,17.89802289282,2016,"UK","Northern Europe","Europe",65637239,2.6479e+12,0,0,FALSE,6,3,0,2,154.330555555556,149.5,768.5,839,4,1,191.666666666667,270,960.166666666667,1084,11,28,FALSE,"2:34:11",154.183333333333,9251
"97","Sonia Samuels","F",37,162,47,17.908855357415,2016,"UK","Northern Europe","Europe",65637239,2.6479e+12,0,0,FALSE,4,3,0,0,152.5125,148.066666666667,794.75,861,3.75,2,181.25,220,976,1037,11,30,FALSE,"2:34:36",154.6,9276
"98","Paula Jane Radcliffe (-Lough)","F",34,173,54,18.0427010591734,2008,"UK","Northern Europe","Europe",61806995,2.89056e+12,0,0,FALSE,3,3,0,0,136.805555555556,135.416666666667,1043.33333333333,1067,1,1,270,270,1313.33333333333,1337,64,23,FALSE,"2:32:38",152.633333333333,9158
"99","Anja Scherl","F",30,160,48,18.75,2016,"Germany","Western Europe","Europe",82667685,3.4778e+12,0,0,FALSE,3,0,3,0,157.522222222222,147.833333333333,726.333333333333,864,1.33333333333333,1,253.333333333333,270,979.666666666667,1134,4,44,FALSE,"2:37:23",157.383333333333,9443
"100","Irina Mikitenko (Volynskaya-)","F",39,162,47,17.908855357415,2012,"Germany","Western Europe","Europe",80425823,3.54398e+12,0,0,FALSE,6,6,0,0,143.366666666667,139.316666666667,935.333333333333,1001,1.5,1,254.166666666667,270,1189.5,1271,47,14,FALSE,"2:26:44",146.733333333333,8804
"101","Anna Hahner","F",26,165,48,17.6308539944904,2016,"Germany","Western Europe","Europe",82667685,3.4778e+12,0,0,FALSE,5,2,1,1,149.156666666667,146.733333333333,844.6,882,2.6,1,226,270,1070.6,1133,23,81,FALSE,"2:45:32",165.533333333333,9932
"102","Melanie Kraus","F",33,165,50,18.3654729109275,2008,"Germany","Western Europe","Europe",82110097,3.75237e+12,0,0,FALSE,6,3,2,0,153.883333333333,147.95,776,863,2,1,224.166666666667,270,1000.16666666667,1118,95,38,FALSE,"2:35:17",155.283333333333,9317
"103","Lisa Hahner","F",26,167,50,17.9282154254366,2016,"Germany","Western Europe","Europe",82667685,3.4778e+12,0,0,FALSE,4,0,3,1,151.333333333333,148.65,811.5,852,2,1,226.25,270,1037.75,1122,10,82,FALSE,"2:45:33",165.55,9933
"104","Susanne Hahn (Ritter-)","F",34,169,50,17.5063898322888,2012,"Germany","Western Europe","Europe",80425823,3.54398e+12,0,0,FALSE,5,1,2,0,150.763333333333,148.816666666667,820,849,1.2,1,260,270,1080,1119,10,32,FALSE,"2:30:22",150.366666666667,9022
"105","Luminita Zaituc","F",35,165,50,18.3654729109275,2004,"Germany","Western Europe","Europe",82516260,2.81925e+12,0,0,FALSE,3,0,2,0,147.555555555556,146.016666666667,869,893,1,1,270,270,1139,1163,34,18,FALSE,"2:36:45",156.75,9405
"106","Susanne Hahn (Ritter-)","F",30,169,50,17.5063898322888,2008,"Germany","Western Europe","Europe",82110097,3.75237e+12,0,0,FALSE,3,1,1,0,151.855555555556,149.583333333333,803.666666666667,838,1.33333333333333,1,253.333333333333,270,1057,1108,3,52,FALSE,"2:38:31",158.516666666667,9511
"107","Sofia Riga","F",28,154,46,19.3961882273571,2016,"Greece","Southern Europe","Europe",10746740,1.92691e+11,0,1,FALSE,4,2,0,0,162.979166666667,159.166666666667,647.5,698,3.75,1,195,270,842.5,918,35,103,FALSE,"2:49:07",169.116666666667,10147
"108","Georgia Abatzidou","F",35,155,43,17.89802289282,2004,"Greece","Southern Europe","Europe",10955141,2.40521e+11,0,1,TRUE,4,1,1,0,167.720833333333,156.95,588.5,730,1.5,1,245,270,833.5,950,11,50,FALSE,"2:50:01",170.016666666667,10201
"109","Gina Lizeth Coello Touche","F",37,160,44,17.1875,2000,"Honduras","Latin America and the Caribbean","Latin America and the Caribbean",6524283,7103529494,0,0,FALSE,4,0,1,0,184.379166666667,178.183333333333,397,460,3,2,196.25,220,593.25,655,12,42,FALSE,"3:02:32",182.533333333333,10952
"110","Krisztina Papp","F",33,173,53,17.708576965485,2016,"Hungary","Eastern Europe","Europe",9817958,1.25817e+11,0,0,FALSE,1,0,1,0,156.983333333333,156.983333333333,729,729,3,3,195,195,924,924,16,65,FALSE,"2:42:03",162.05,9723
"111","Petra Teveli (Prokoppne-)","F",28,165,48,17.6308539944904,2008,"Hungary","Eastern Europe","Europe",10038188,1.57998e+11,0,0,FALSE,6,0,0,1,163.05,155.35,647.5,752,1.16666666666667,1,261.666666666667,270,909.166666666667,1022,8,65,FALSE,"2:48:32",168.533333333333,10112
"112","Simona Staicu","F",33,163,47,17.6897888516692,2004,"Hungary","Eastern Europe","Europe",10107146,1.04067e+11,0,0,FALSE,9,3,2,2,154.374074074074,149.983333333333,767.888888888889,832,1.66666666666667,1,239.444444444444,270,1007.33333333333,1068,20,45,FALSE,"2:48:57",168.95,10137
"113","Kavita Maheshkumar Tungar (Raut-)","F",31,157,45,18.2563187147552,2016,"India","Southern Asia","Asia",1324171354,2.26379e+12,0,0,FALSE,1,0,0,0,158.633333333333,158.633333333333,706,706,1,1,270,270,976,976,6,120,FALSE,"2:59:29",179.483333333333,10769
"114","Breege Connolly","F",38,163,54,20.3244382551093,2016,"Ireland","Northern Europe","Europe",4773095,3.04819e+11,0,0,FALSE,7,2,1,1,168.054761904762,157.483333333333,585.571428571429,722,4.28571428571429,1,195,270,780.571428571429,840,16,76,FALSE,"2:44:41",164.683333333333,9881
"115","Linda Byrne","F",26,163,50,18.8189243102864,2012,"Ireland","Northern Europe","Europe",4586897,2.25572e+11,0,0,FALSE,1,0,0,0,156.35,156.35,738,738,2,2,220,220,958,958,10,66,FALSE,"2:37:13",157.216666666667,9433
"116","Caitriona Jennings","F",32,163,53,19.9480597689036,2012,"Ireland","Northern Europe","Europe",4586897,2.25572e+11,0,0,FALSE,2,0,1,0,159.691666666667,156.283333333333,692,739,5,4,160,175,852,884,4,107,FALSE,"3:22:11",202.183333333333,12131
"117","Marie Murphy-Rollins","F",29,168,52,18.4240362811791,1988,"Ireland","Northern Europe","Europe",3524949,37818133413,0,0,FALSE,1,0,0,0,160.75,160.75,677,677,1,1,270,270,947,947,4,57,FALSE,"2:54:37",174.616666666667,10477
"118","Ava Hutchinson","F",29,165,51,18.732782369146,2012,"Ireland","Northern Europe","Europe",4586897,2.25572e+11,0,0,FALSE,2,0,0,1,159.175,155.55,699.5,750,2,1,232.5,270,932,1020,7,68,FALSE,"2:37:17",157.283333333333,9437
"119","Ailish Smyth","F",29,171,64,21.8870763653774,1988,"Ireland","Northern Europe","Europe",3524949,37818133413,0,0,FALSE,1,1,0,0,159.6,159.6,692,692,3,3,195,195,887,887,10,46,FALSE,"2:44:17",164.283333333333,9857
"120","Maor Tiyouri","F",25,148,44,20.0876552227904,2016,"Israel","Western Asia","Asia",8547100,3.17745e+11,0,1,FALSE,1,0,1,0,162.366666666667,162.366666666667,655,655,1,1,270,270,925,925,3,90,FALSE,"2:47:27",167.45,10047
"121","Rosaria Console","F",32,160,42,16.40625,2012,"Italy","Southern Europe","Europe",59539717,2.07282e+12,0,1,FALSE,9,4,1,1,151.962962962963,146.166666666667,804.666666666667,890,2,1,234.444444444444,270,1039.11111111111,1151,11,30,FALSE,"2:30:09",150.15,9009
"122","Maria Curatolo","F",24,147,40,18.5108056828173,1988,"Italy","Southern Europe","Europe",56629288,8.88668e+11,0,1,FALSE,2,0,1,0,157.291666666667,156.083333333333,725,742,2,1,232.5,270,957.5,1012,45,8,FALSE,"2:30:14",150.233333333333,9014
"123","Vincenza Sicari","F",29,165,45,16.5289256198347,2008,"Italy","Southern Europe","Europe",58826731,2.39073e+12,0,1,FALSE,2,0,0,0,151.541666666667,149.85,808.5,834,1,1,270,270,1078.5,1104,4,29,FALSE,"2:33:31",153.516666666667,9211
"124","Valeria Straneo","F",36,165,45,16.5289256198347,2012,"Italy","Southern Europe","Europe",59539717,2.07282e+12,0,1,FALSE,3,1,1,0,152.988888888889,143.733333333333,795.333333333333,929,2.66666666666667,1,215,270,1010.33333333333,1149,4,8,FALSE,"2:25:27",145.45,8727
"125","Maura Viceconte","F",32,155,47,19.5629552549428,2000,"Italy","Southern Europe","Europe",56942108,1.14176e+12,0,1,FALSE,5,0,0,0,149.083333333333,143.783333333333,846.2,928,1.2,1,260,270,1106.2,1198,3,12,FALSE,"2:29:26",149.433333333333,8966
"126","Ornella Ferrara","F",32,153,42,17.9418172497757,2000,"Italy","Southern Europe","Europe",56942108,1.14176e+12,0,1,FALSE,6,0,0,0,153.163888888889,148.016666666667,785.333333333333,862,1.33333333333333,1,257.5,270,1042.83333333333,1132,39,18,FALSE,"2:31:32",151.533333333333,9092
"127","Catherine Bertone","F",44,160,45,17.578125,2016,"Italy","Southern Europe","Europe",60600590,1.85891e+12,0,1,FALSE,11,1,3,2,160.15303030303,150.316666666667,688.818181818182,827,2.27272727272727,1,232.727272727273,270,921.545454545455,1097,4,25,FALSE,"2:33:29",153.483333333333,9209
"128","Rosaria Console","F",24,160,42,16.40625,2004,"Italy","Southern Europe","Europe",57685327,1.79831e+12,0,1,FALSE,4,1,0,0,150.654166666667,147.8,821.75,865,1.5,1,251.25,270,1073,1135,16,16,FALSE,"2:35:56",155.933333333333,9356
"129","Valeria Straneo","F",40,165,45,16.5289256198347,2016,"Italy","Southern Europe","Europe",60600590,1.85891e+12,0,1,FALSE,5,1,1,0,150.076666666667,143.733333333333,836.2,929,2.2,1,227,270,1063.2,1163,52,13,FALSE,"2:29:44",149.733333333333,8984
"130","Anna Carmela Incerti (-Scaini)","F",28,168,44,15.5895691609977,2008,"Italy","Southern Europe","Europe",58826731,2.39073e+12,0,1,FALSE,2,0,1,0,154.741666666667,152.883333333333,761.5,788,2.5,2,207.5,220,969,1008,24,14,FALSE,"2:30:55",150.916666666667,9055
"131","Anna Carmela Incerti (-Scaini)","F",32,168,44,15.5895691609977,2012,"Italy","Southern Europe","Europe",59539717,2.07282e+12,0,1,FALSE,6,1,1,2,150.844444444444,145.533333333333,819.666666666667,900,1.83333333333333,1,236.666666666667,270,1056.33333333333,1137,11,29,FALSE,"2:29:38",149.633333333333,8978
"132","Laura Fogli (-Rossetti)","F",28,168,50,17.7154195011338,1988,"Italy","Southern Europe","Europe",56629288,8.88668e+11,0,1,FALSE,6,0,0,0,154.511111111111,149.466666666667,766.5,839,1.16666666666667,1,261.666666666667,270,1028.16666666667,1105,48,6,FALSE,"2:27:49",147.816666666667,8869
"133","Bruna Genovese","F",31,161,50,19.2893792677752,2008,"Italy","Southern Europe","Europe",58826731,2.39073e+12,0,1,FALSE,6,1,3,0,149.175,145.583333333333,844.5,900,2.16666666666667,1,225,270,1069.5,1154,81,17,FALSE,"2:31:31",151.516666666667,9091
"134","Antonella Luigina Bizioli","F",31,160,50,19.53125,1988,"Italy","Southern Europe","Europe",56629288,8.88668e+11,0,1,FALSE,2,1,1,0,157.216666666667,156.65,726,734,1.5,1,245,270,971,988,16,23,FALSE,"2:34:38",154.633333333333,9278
"135","Bruna Genovese","F",27,161,50,19.2893792677752,2004,"Italy","Southern Europe","Europe",57685327,1.79831e+12,0,1,FALSE,3,1,1,0,149.883333333333,145.583333333333,834,900,2.66666666666667,2,205,220,1039,1120,33,10,FALSE,"2:32:50",152.833333333333,9170
"136","Yurika Nakamura","F",22,166,48,17.4190738859051,2008,"Japan","Eastern Asia","Asia",128063000,5.03791e+12,2,3,FALSE,1,0,1,0,145.85,145.85,895,895,1,1,270,270,1165,1165,5,13,FALSE,"2:30:19",150.316666666667,9019
"137","Tomomi Tanaka","F",28,154,39,16.4445943666723,2016,"Japan","Eastern Asia","Asia",126994511,4.94016e+12,2,3,FALSE,3,1,2,0,145.8,143.316666666667,896.666666666667,936,2.33333333333333,2,211.666666666667,220,1108.33333333333,1156,5,19,FALSE,"2:31:12",151.2,9072
"138","Mizuki Noguchi","F",26,150,40,17.7777777777778,2004,"Japan","Eastern Asia","Asia",127761000,4.81515e+12,2,3,FALSE,2,0,2,0,143.441666666667,141.3,934,968,1,1,270,270,1204,1238,19,1,TRUE,"2:26:20",146.333333333333,8780
"139","Naoko Sakamoto","F",23,161,44,16.9746537556421,2004,"Japan","Eastern Asia","Asia",127761000,4.81515e+12,2,3,FALSE,2,0,2,0,143.666666666667,141.85,930,959,1.5,1,245,270,1175,1179,19,7,FALSE,"2:31:43",151.716666666667,9103
"140","Eri Yamaguchi","F",27,164,47,17.4747174301011,2000,"Japan","Eastern Asia","Asia",126843000,4.88752e+12,2,3,FALSE,5,0,2,0,150.783333333333,142.2,822.2,954,1,1,270,270,1092.2,1224,9,7,FALSE,"2:27:03",147.05,8823
"141","Risa Shigetomo","F",24,168,50,17.7154195011338,2012,"Japan","Eastern Asia","Asia",127629000,6.20321e+12,2,3,FALSE,2,1,1,0,147.425,143.383333333333,871.5,934,2.5,1,222.5,270,1094,1204,7,79,FALSE,"2:40:06",160.1,9606
"142","Ryoko Kizaki","F",27,157,43,17.4449267718772,2012,"Japan","Eastern Asia","Asia",127629000,6.20321e+12,2,3,FALSE,2,0,2,0,147.05,146.533333333333,877,885,1,1,270,270,1147,1155,9,16,FALSE,"2:27:16",147.266666666667,8836
"143","Yoshimi Ozaki","F",31,155,41,17.0655567117586,2012,"Japan","Eastern Asia","Asia",127629000,6.20321e+12,2,3,FALSE,5,2,3,0,145.903333333333,143.5,895.4,933,1.4,1,255,270,1150.4,1203,45,19,FALSE,"2:27:43",147.716666666667,8863
"144","Naoko Takahashi","F",28,161,52,20.0609544384862,2000,"Japan","Eastern Asia","Asia",126843000,4.88752e+12,2,3,FALSE,3,0,2,0,145.211111111111,141.783333333333,906.666666666667,960,1,1,270,270,1176.66666666667,1230,20,1,TRUE,"2:23:14",143.233333333333,8594
"145","Reiko Tosa","F",28,167,46,16.4939581914016,2004,"Japan","Eastern Asia","Asia",127761000,4.81515e+12,2,3,FALSE,4,1,2,0,144.354166666667,142.766666666667,918.75,944,1.5,1,245,270,1163.75,1195,28,5,FALSE,"2:28:44",148.733333333333,8924
"146","Eriko Asai","F",28,150,40,17.7777777777778,1988,"Japan","Eastern Asia","Asia",122613000,3.05064e+12,2,3,FALSE,6,0,4,0,157.755555555556,152.216666666667,720.333333333333,798,1.5,1,249.166666666667,270,969.5,1046,7,25,FALSE,"2:34:41",154.683333333333,9281
"147","Kumi Araki","F",22,153,40,17.0874449997864,1988,"Japan","Eastern Asia","Asia",122613000,3.05064e+12,2,3,FALSE,2,0,2,0,154.433333333333,151.666666666667,766,806,1.5,1,245,270,1011,1026,7,28,FALSE,"2:35:15",155.25,9315
"148","Kayoko Fukushi","F",34,160,47,18.359375,2016,"Japan","Eastern Asia","Asia",126994511,4.94016e+12,2,3,FALSE,7,3,4,0,148.654761904762,142.283333333333,855.142857142857,952,1.57142857142857,1,245,270,1100.14285714286,1222,7,14,FALSE,"2:29:53",149.883333333333,8993
"149","Mai Ito","F",32,156,41,16.8474687705457,2016,"Japan","Eastern Asia","Asia",126994511,4.94016e+12,2,3,FALSE,6,1,5,0,147.247222222222,144.7,873.666666666667,913,1.66666666666667,1,240.833333333333,270,1114.5,1149,17,46,FALSE,"2:37:37",157.616666666667,9457
"150","Ari Ichihashi","F",22,157,42,17.0392308004382,2000,"Japan","Eastern Asia","Asia",126843000,4.88752e+12,2,3,FALSE,3,0,2,0,148.45,147.033333333333,855,877,1,1,270,270,1125,1147,12,15,FALSE,"2:30:34",150.566666666667,9034
"151","Misako Miyahara","F",26,155,41,17.0655567117586,1988,"Japan","Eastern Asia","Asia",122613000,3.05064e+12,2,3,FALSE,3,0,3,0,153.3,149.616666666667,783,837,1.33333333333333,1,253.333333333333,270,1036.33333333333,1107,7,29,FALSE,"2:35:26",155.433333333333,9326
"152","Irina Smolnikova","F",36,163,55,20.7008167413151,2016,"Kazakhstan","Central Asia","Asia",17797032,1.37278e+11,0,0,FALSE,3,0,0,0,162.794444444444,160.366666666667,649.333333333333,682,1,1,270,270,919.333333333333,952,23,122,FALSE,"3:00:31",180.516666666667,10831
"153","Edna Ngeringwony Kiplagat","F",32,162,50,19.0519737844841,2012,"Kenya","Sub-Saharan Africa","Africa",43646629,50412754822,3,5,FALSE,4,2,0,0,149.141666666667,139.833333333333,855,992,1.5,1,245,270,1100,1212,4,20,FALSE,"2:27:52",147.866666666667,8872
"154","Esther Wanjiru Maina","F",23,162,48,18.2898948331047,2000,"Kenya","Sub-Saharan Africa","Africa",31450483,12705357103,3,5,FALSE,3,0,3,0,149.5,143.516666666667,842,932,1,1,270,270,1112,1202,7,4,FALSE,"2:26:17",146.283333333333,8777
"155","Joyce Chepchumba Koech","F",29,160,52,20.3125,2000,"Kenya","Sub-Saharan Africa","Africa",31450483,12705357103,3,5,FALSE,4,4,0,0,146.079166666667,143.366666666667,892.25,935,1,1,270,270,1162.25,1205,16,3,TRUE,"2:24:45",144.75,8685
"156","Alice Chelangat","F",27,152,49,21.2084487534626,2004,"Kenya","Sub-Saharan Africa","Africa",35074931,16095337094,3,5,FALSE,4,0,1,2,148.8125,146.6,849.75,884,1,1,270,270,1119.75,1154,32,11,FALSE,"2:33:52",153.866666666667,9232
"157","Tegla Loroupe Chepkite","F",29,156,40,16.4365548980934,2000,"Kenya","Sub-Saharan Africa","Africa",31450483,12705357103,3,5,FALSE,4,2,2,0,142.041666666667,140.716666666667,956.5,978,1,1,270,270,1226.5,1248,11,13,FALSE,"2:29:45",149.75,8985
"158","Salina Jebet Kosgei","F",31,162,58,22.1002895900015,2008,"Kenya","Sub-Saharan Africa","Africa",39148416,35895153328,3,5,FALSE,5,3,1,0,145.323333333333,143.366666666667,903.8,935,1.2,1,260,270,1163.8,1205,23,10,FALSE,"2:29:28",149.466666666667,8968
"159","Mary Jepkosgei Keitany","F",30,158,42,16.8242268867169,2012,"Kenya","Sub-Saharan Africa","Africa",43646629,50412754822,3,5,FALSE,3,2,0,0,142.316666666667,138.616666666667,953,1012,1.33333333333333,1,253.333333333333,270,1206.33333333333,1282,4,4,FALSE,"2:23:56",143.933333333333,8636
"160","Jemima Jelagat Sumgong","F",31,160,45,17.578125,2016,"Kenya","Sub-Saharan Africa","Africa",48461567,70529014778,3,5,FALSE,8,3,1,0,147.433333333333,140.8,872,976,1.625,1,245,270,1117,1246,34,1,TRUE,"2:24:04",144.066666666667,8644
"161","Priscah Jeptoo (-Chepsirut)","F",28,165,49,17.9981634527089,2012,"Kenya","Sub-Saharan Africa","Africa",43646629,50412754822,3,5,FALSE,4,2,0,1,145.2125,140.233333333333,906.5,986,1.5,1,251.25,270,1157.75,1212,4,2,TRUE,"2:23:12",143.2,8592
"162","Visiline Jepkesho","F",26,160,43,16.796875,2016,"Kenya","Sub-Saharan Africa","Africa",48461567,70529014778,3,5,FALSE,3,2,0,0,145.8,144.733333333333,896.333333333333,913,1,1,270,270,1166.33333333333,1183,16,86,FALSE,"2:46:05",166.083333333333,9965
"163","Mariya Korobitskaya","F",26,155,55,22.8928199791883,2016,"Kyrgyzstan","Central Asia","Asia",6082700,6551287938,0,0,FALSE,3,0,0,2,162.444444444444,158.583333333333,654.333333333333,707,1,1,270,270,924.333333333333,977,11,94,FALSE,"2:47:53",167.883333333333,10073
"164","Viktoriia Poliudina","F",27,165,55,20.2020202020202,2016,"Kyrgyzstan","Central Asia","Asia",6082700,6551287938,0,0,FALSE,3,0,1,0,169.066666666667,160.6,571.666666666667,679,3,1,225,270,796.666666666667,949,3,62,FALSE,"2:41:37",161.616666666667,9697
"165","Sirivanh Ketavong","F",30,153,49,20.9321201247383,2000,"Laos","South-eastern Asia","Asia",5329304,1731198022,0,0,FALSE,2,0,0,0,206.966666666667,205.266666666667,193,205,4.5,2,177.5,220,370.5,401,49,45,FALSE,"3:34:27",214.45,12867
"166","Ilona Marhele","F",30,164,50,18.5901249256395,2016,"Latvia","Northern Europe","Europe",1960424,27572698482,0,0,FALSE,3,0,2,0,160.666666666667,158.016666666667,679,715,4.33333333333333,1,190,270,869,890,10,61,FALSE,"2:41:02",161.033333333333,9662
"167","Dace Lina","F",30,162,53,20.1950922115531,2012,"Latvia","Northern Europe","Europe",2034319,28119996053,0,0,FALSE,2,0,1,1,159.158333333333,158.183333333333,698.5,712,3.5,1,207.5,270,906,982,3,98,FALSE,"2:47:47",167.783333333333,10067
"168","Mamorallo Tjoka","F",27,150,56,24.8888888888889,2012,"Lesotho","Sub-Saharan Africa","Africa",2089928,2678494689,0,5,FALSE,7,0,0,0,164.883333333333,159.633333333333,622,692,1.14285714285714,1,262.857142857143,270,884.857142857143,962,54,90,FALSE,"2:43:15",163.25,9795
"169","Chirine Njeim","F",31,168,60,21.2585034013605,2016,"Lebanon","Western Asia","Asia",6006668,49598825982,0,1,FALSE,5,4,0,1,177.51,164.316666666667,474,629,3.4,1,196,270,670,774,7,109,FALSE,"2:51:08",171.133333333333,10268
"170","Clarisse Rasoarizay","F",32,150,40,17.7777777777778,2004,"Madagascar","Sub-Saharan Africa","Africa",17802997,4363934494,0,5,FALSE,2,1,1,0,167.2,166.483333333333,591.5,601,2.5,1,222.5,270,814,871,37,43,FALSE,"2:48:14",168.233333333333,10094
"171","Kenza Wahbi","F",33,160,47,18.359375,2004,"Morocco","Northern Africa","Africa",30179285,59626020162,0,0,FALSE,1,1,0,0,156.483333333333,156.483333333333,736,736,5,5,155,155,891,891,12,30,FALSE,"2:41:36",161.6,9696
"172","Hafida Izem","F",25,160,41,16.015625,2004,"Morocco","Northern Africa","Africa",30179285,59626020162,0,0,FALSE,3,0,0,0,160.105555555556,156.033333333333,688,743,1.33333333333333,1,253.333333333333,270,941.333333333333,1013,3,27,FALSE,"2:40:46",160.766666666667,9646
"173","Tereza Master","F",27,149,45,20.2693572361605,2016,"Malawi","Sub-Saharan Africa","Africa",18091575,5433038647,0,5,FALSE,1,0,0,0,170.9,170.9,545,545,2,2,220,220,765,765,25,98,FALSE,"2:48:34",168.566666666667,10114
"174","Margarita Tapia Garca","F",27,161,50,19.2893792677752,2004,"Mexico","Latin America and the Caribbean","Latin America and the Caribbean",106995583,7.70268e+11,0,0,FALSE,3,0,0,1,155.311111111111,148.6,755.333333333333,853,1,1,270,270,1025.33333333333,1123,7,38,FALSE,"2:46:14",166.233333333333,9974
"175","Blanca Jaime","F",22,158,52,20.829995193078,1988,"Mexico","Latin America and the Caribbean","Latin America and the Caribbean",82083919,1.83144e+11,0,0,FALSE,1,0,0,0,156.183333333333,156.183333333333,740,740,1,1,270,270,1010,1010,5,43,FALSE,"2:43:00",163,9780
"176","Marisol Guadalupe Romero Rosales","F",29,155,46,19.1467221644121,2012,"Mexico","Latin America and the Caribbean","Latin America and the Caribbean",120828307,1.1866e+12,0,0,FALSE,5,0,0,0,162.796666666667,151.25,652.2,813,1,1,270,270,922.2,1083,5,46,FALSE,"2:33:08",153.133333333333,9188
"177","Mara del Carmen Daz Mancilla","F",26,158,46,18.4265342092613,1996,"Mexico","Latin America and the Caribbean","Latin America and the Caribbean",95687452,3.97404e+11,0,0,FALSE,1,0,1,0,149.8,149.8,834,834,1,1,270,270,1104,1104,4,33,FALSE,"2:37:14",157.233333333333,9434
"178","Maryse Justin (-Pyndiah)","F",29,158,46,18.4265342092613,1988,"Mauritius","Sub-Saharan Africa","Africa",1043239,2143484488,0,5,FALSE,1,0,0,0,168.666666666667,168.666666666667,573,573,1,1,270,270,843,843,4,51,FALSE,"2:50:00",170,10200
"179","San Ni Lar","F",27,160,50,19.53125,2012,"Myanmar","South-eastern Asia","Asia",50986514,59937797559,0,0,FALSE,2,0,0,0,172.675,166.9,526,595,1,1,270,270,796,865,32,105,FALSE,"3:04:27",184.45,11067
"180","Helalia Lukeiko Johannes","F",27,165,46,16.8962350780533,2008,"Namibia","Sub-Saharan Africa","Africa",2106375,8486721917,0,5,FALSE,1,0,0,0,155.5,155.5,750,750,1,1,270,270,1020,1020,10,40,FALSE,"2:35:22",155.366666666667,9322
"181","Beata Nandjala Naigambo","F",32,167,48,17.2110868084191,2012,"Namibia","Sub-Saharan Africa","Africa",2263934,13016272899,0,5,FALSE,8,1,3,2,156.310416666667,149.333333333333,741.25,841,1.5,1,251.875,270,993.125,1086,7,38,FALSE,"2:31:16",151.266666666667,9076
"182","Alina Armas","F",32,166,53,19.2335607490202,2016,"Namibia","Sub-Saharan Africa","Africa",2479713,10947880690,0,5,FALSE,4,0,0,0,158.9875,153.15,702.5,784,1,1,270,270,972.5,1054,10,75,FALSE,"2:44:20",164.333333333333,9860
"183","Helalia Lukeiko Johannes","F",35,165,46,16.8962350780533,2016,"Namibia","Sub-Saharan Africa","Africa",2479713,10947880690,0,5,FALSE,8,1,3,0,151.314583333333,146.15,812.25,891,1.25,1,257.5,270,1069.75,1161,48,56,FALSE,"2:39:55",159.916666666667,9595
"184","Helalia Lukeiko Johannes","F",31,165,46,16.8962350780533,2012,"Namibia","Sub-Saharan Africa","Africa",2263934,13016272899,0,5,FALSE,5,0,1,0,153.316666666667,150.583333333333,782.2,823,1.2,1,260,270,1042.2,1093,10,12,FALSE,"2:26:09",146.15,8769
"185","Beata Nandjala Naigambo","F",28,167,48,17.2110868084191,2008,"Namibia","Sub-Saharan Africa","Africa",2106375,8486721917,0,5,FALSE,4,0,0,2,161.233333333333,153.283333333333,672,782,1,1,270,270,942,1052,4,28,FALSE,"2:33:29",153.483333333333,9209
"186","Beata Nandjala Naigambo","F",36,167,48,17.2110868084191,2016,"Namibia","Sub-Saharan Africa","Africa",2479713,10947880690,0,5,FALSE,11,2,3,4,154.20303030303,146.95,771.727272727273,878,1.54545454545455,1,250,270,1021.72727272727,1148,9,41,FALSE,"2:36:32",156.533333333333,9392
"187","Hilda Jepchumba Kibet","F",31,168,46,16.2981859410431,2012,"Netherlands","Western Europe","Europe",16754962,8.28947e+11,0,0,FALSE,4,0,4,0,148.3875,144.45,856.5,917,2.25,1,227.5,270,1084,1187,16,24,FALSE,"2:28:52",148.866666666667,8932
"188","Andrea Deelstra","F",31,164,46,17.1029149315883,2016,"Netherlands","Western Europe","Europe",17018408,7.77228e+11,0,0,FALSE,4,1,2,0,152.404166666667,146.766666666667,796.25,881,2,1,241.25,270,1037.5,1151,11,60,FALSE,"2:40:49",160.816666666667,9649
"189","Sissel Sofie Grottenberg","F",32,171,54,18.4672206832872,1988,"Norway","Northern Europe","Europe",4209488,1.019e+11,0,0,FALSE,4,1,0,2,159.4375,152.95,697.25,787,1,1,270,270,967.25,1057,10,36,FALSE,"2:38:17",158.283333333333,9497
"190","Kirsten Melkevik (-Kirsten Marathon) Otterbu (-Melkevik-)","F",38,170,52,17.9930795847751,2008,"Norway","Northern Europe","Europe",4768212,4.62554e+11,0,0,FALSE,3,0,3,0,151.227777777778,149.2,813,844,1.33333333333333,1,253.333333333333,270,1066.33333333333,1081,10,34,FALSE,"2:34:35",154.583333333333,9275
"191","Stine Elisabeth Larsen","F",28,158,47,18.8271110398974,2004,"Norway","Northern Europe","Europe",4591910,2.64357e+11,0,0,FALSE,3,0,2,0,149.061111111111,147.1,846,876,1.33333333333333,1,253.333333333333,270,1099.33333333333,1146,22,24,FALSE,"2:39:55",159.916666666667,9595
"192","Nina Kathy Rillstone","F",33,168,45,15.9438775510204,2008,"New Zealand","Australia and New Zealand","Oceania",4259800,1.3328e+11,0,0,FALSE,2,0,2,0,151.866666666667,149.766666666667,803.5,835,1.5,1,245,270,1048.5,1105,28,16,FALSE,"2:31:16",151.266666666667,9076
"193","Liza Marie Hunter-Galvan","F",39,168,60,21.2585034013605,2008,"New Zealand","Australia and New Zealand","Oceania",4259800,1.3328e+11,0,0,FALSE,5,0,2,0,158.086666666667,150.666666666667,716,821,1.6,1,245,270,961,1044,10,35,FALSE,"2:34:51",154.85,9291
"194","Liza Marie Hunter-Galvan","F",35,168,60,21.2585034013605,2004,"New Zealand","Australia and New Zealand","Oceania",4087500,1.03906e+11,0,0,FALSE,2,0,1,0,159.558333333333,156.45,694,737,2,1,232.5,270,926.5,932,4,51,FALSE,"2:50:23",170.383333333333,10223
"195","Lorraine Mary Moller (-Daws, -Smith)","F",33,175,55,17.9591836734694,1988,"New Zealand","Australia and New Zealand","Oceania",3283400,45176167472,0,0,FALSE,6,0,1,1,150.838888888889,148.283333333333,819.166666666667,858,1,1,270,270,1089.16666666667,1128,24,33,FALSE,"2:37:52",157.866666666667,9472
"196","Jovana de la Cruz Capani","F",24,161,53,20.4467420238417,2016,"Peru","Latin America and the Caribbean","Latin America and the Caribbean",31773839,1.92207e+11,0,0,FALSE,2,0,1,1,153.316666666667,151.55,782,808,2,2,220,220,1002,1028,7,36,FALSE,"2:35:49",155.816666666667,9349
"197","Gladys Lucy Tejeda Pucuhuaranga","F",26,156,47,19.3129520052597,2012,"Peru","Latin America and the Caribbean","Latin America and the Caribbean",30158966,1.92649e+11,0,0,FALSE,1,0,1,0,152.533333333333,152.533333333333,793,793,1,1,270,270,1063,1063,17,43,FALSE,"2:32:07",152.116666666667,9127
"198","Wilma Yanet Arizapana Yucra","F",29,164,54,20.0773349196907,2012,"Peru","Latin America and the Caribbean","Latin America and the Caribbean",30158966,1.92649e+11,0,0,FALSE,1,0,1,0,154.183333333333,154.183333333333,769,769,5,5,155,155,924,924,4,55,FALSE,"2:35:09",155.15,9309
"199","Gladys Lucy Tejeda Pucuhuaranga","F",30,156,47,19.3129520052597,2016,"Peru","Latin America and the Caribbean","Latin America and the Caribbean",31773839,1.92207e+11,0,0,FALSE,4,1,2,1,151.1625,148.2,814,859,3.25,1,220,270,1034,1129,16,15,FALSE,"2:29:55",149.916666666667,8995
"200","Mara Portillo Cruz","F",28,162,50,19.0519737844841,2000,"Peru","Latin America and the Caribbean","Latin America and the Caribbean",25914879,51744749133,0,0,FALSE,1,0,0,0,155.4,155.4,752,752,1,1,270,270,1022,1022,5,32,FALSE,"2:36:50",156.833333333333,9410
"201","Mary Joy Tabal","F",27,149,45,20.2693572361605,2016,"Philippines","South-eastern Asia","Asia",103320222,3.04905e+11,0,0,FALSE,6,0,2,0,176.986111111111,163.516666666667,479.5,639,1.33333333333333,1,253.333333333333,270,732.833333333333,859,3,124,FALSE,"3:02:27",182.45,10947
"202","Iwona Lewandowska","F",31,161,43,16.5888661702866,2016,"Poland","Eastern Europe","Europe",37948016,4.71364e+11,0,0,FALSE,6,2,3,0,151.297222222222,147.783333333333,813.5,865,3.33333333333333,1,210.833333333333,270,1024.33333333333,1123,16,21,FALSE,"2:31:41",151.683333333333,9101
"203","Dorota Gruca (-Giecek-)","F",37,159,46,18.1954827736245,2008,"Poland","Eastern Europe","Europe",38125759,5.33816e+11,0,0,FALSE,9,0,4,0,151.748148148148,147.766666666667,805.666666666667,865,1.22222222222222,1,258.888888888889,270,1064.55555555556,1135,36,30,FALSE,"2:33:32",153.533333333333,9212
"204","Helena Maria Mendes Sampaio","F",30,157,47,19.0677106576332,2004,"Portugal","Southern Europe","Europe",10483861,1.89187e+11,1,1,FALSE,2,1,1,0,148.833333333333,148.1,849,860,2,1,232.5,270,1081.5,1130,10,47,FALSE,"2:49:18",169.3,10158
"205","Ana Maria Guerreiro Dias","F",30,165,52,19.1000918273646,2004,"Portugal","Southern Europe","Europe",10483861,1.89187e+11,1,1,FALSE,3,1,0,0,151.016666666667,146.816666666667,817.333333333333,880,1.33333333333333,1,253.333333333333,270,1070.66666666667,1150,131,62,FALSE,"3:08:11",188.183333333333,11291
"206","Ana Maria Guerreiro Dias","F",34,165,52,19.1000918273646,2008,"Portugal","Southern Europe","Europe",10558177,2.62008e+11,1,1,FALSE,3,1,0,0,151.016666666667,146.816666666667,817.333333333333,880,1.33333333333333,1,253.333333333333,270,1070.66666666667,1150,179,46,FALSE,"2:36:25",156.416666666667,9385
"207","Maria Manuela Castro Machado","F",37,158,45,18.0259573786252,2000,"Portugal","Southern Europe","Europe",10289898,1.18358e+11,1,1,FALSE,11,4,2,1,150.012121212121,145.183333333333,832.090909090909,906,1.54545454545455,1,247.727272727273,270,1079.81818181818,1145,16,21,FALSE,"2:32:29",152.483333333333,9149
"208","Ana Dulce Ferreira Flix","F",33,166,53,19.2335607490202,2016,"Portugal","Southern Europe","Europe",10324611,2.04837e+11,1,1,FALSE,4,3,0,0,146.470833333333,145.25,885.75,905,3,1,205,270,1090.75,1168,16,16,FALSE,"2:30:39",150.65,9039
"209","Ana Dulce Ferreira Flix","F",29,166,53,19.2335607490202,2012,"Portugal","Southern Europe","Europe",10514844,2.16368e+11,1,1,FALSE,1,0,0,0,145.666666666667,145.666666666667,898,898,1,1,270,270,1168,1168,9,21,FALSE,"2:28:12",148.2,8892
"210","Paula Claudia Todoran","F",31,164,48,17.8465199286139,2016,"Romania","Eastern Europe","Europe",19705301,1.87592e+11,0,0,FALSE,8,0,1,0,164.295833333333,156.733333333333,630.5,733,1.125,1,263.75,270,894.25,1003,6,101,FALSE,"2:48:54",168.9,10134
"211","Camelia Alina Gherasim (Tecua-)","F",28,166,46,16.693279140659,2000,"Romania","Eastern Europe","Europe",22442971,37438527800,0,0,FALSE,5,5,0,0,149.213333333333,148.283333333333,843.2,858,1.2,1,260,270,1103.2,1128,4,29,FALSE,"2:36:16",156.266666666667,9376
"212","Tanith Gaelene Maxwell","F",36,169,53,18.5567732222261,2012,"South Africa","Sub-Saharan Africa","Africa",52506515.08,3.96333e+11,0,5,FALSE,9,3,3,0,159.988888888889,152.55,688.222222222222,793,3.44444444444444,1,208.333333333333,270,896.555555555556,991,23,81,FALSE,"2:40:27",160.45,9627
"213","Christine Kalmer","F",30,172,55,18.5911303407247,2016,"South Africa","Sub-Saharan Africa","Africa",55908865,2.95456e+11,0,5,FALSE,1,0,0,1,153.716666666667,153.716666666667,776,776,2,2,220,220,996,996,9,96,FALSE,"2:48:24",168.4,10104
"214","Dina Lebo Phalula","F",32,165,46,16.8962350780533,2016,"South Africa","Sub-Saharan Africa","Africa",55908865,2.95456e+11,0,5,FALSE,2,0,1,0,156.358333333333,153.8,738.5,775,1,1,270,270,1008.5,1045,4,63,FALSE,"2:41:46",161.766666666667,9706
"215","Svetlana Vladimirovna Zakharova (Vasilyeva-)","F",33,160,46,17.96875,2004,"Russia","Eastern Europe","Europe",144067054,5.91017e+11,0,0,FALSE,1,0,0,0,166.8,166.8,597,597,1,1,270,270,867,867,278,9,FALSE,"2:32:04",152.066666666667,9124
"216","Madina Ulfatovna Biktagirova","F",35,158,46,18.4265342092613,2000,"Russia","Eastern Europe","Europe",146596557,2.59708e+11,0,0,FALSE,7,1,2,0,151,144.766666666667,817.857142857143,912,1,1,270,270,1087.85714285714,1182,35,5,FALSE,"2:26:33",146.55,8793
"217","Irina Nikolayevna Timofeyeva (Grigoryeva-)","F",38,164,48,17.8465199286139,2008,"Russia","Eastern Europe","Europe",142742350,1.66084e+12,0,0,FALSE,12,6,3,0,150.470833333333,144.233333333333,825.833333333333,921,1.91666666666667,1,241.25,270,1067.08333333333,1191,4,7,FALSE,"2:27:31",147.516666666667,8851
"218","Svetlana Vladimirovna Zakharova (Vasilyeva-)","F",37,160,46,17.96875,2008,"Russia","Eastern Europe","Europe",142742350,1.66084e+12,0,0,FALSE,1,0,0,0,166.8,166.8,597,597,1,1,270,270,867,867,326,22,FALSE,"2:32:16",152.266666666667,9136
"219","Lyubov Vasilyevna Morgunova","F",29,170,46,15.916955017301,2000,"Russia","Eastern Europe","Europe",146596557,2.59708e+11,0,0,FALSE,5,2,1,0,150.266666666667,146.55,828.4,884,1.4,1,255,270,1083.4,1136,4,23,FALSE,"2:32:35",152.583333333333,9155
"220","Lyudmila Nikolayevna Petrova (Yakimova-)","F",35,160,43,16.796875,2004,"Russia","Eastern Europe","Europe",144067054,5.91017e+11,0,0,FALSE,7,4,1,0,151.071428571429,142.55,818.428571428571,948,1.57142857142857,1,245,270,1063.42857142857,1218,28,8,FALSE,"2:31:56",151.933333333333,9116
"221","Claudette Mukasakindi","F",33,160,50,19.53125,2016,"Rwanda","Sub-Saharan Africa","Africa",11917508,8376048905,0,5,FALSE,2,0,0,0,160.925,160.3,674.5,683,1,1,270,270,944.5,953,51,126,FALSE,"3:05:57",185.95,11157
"222","Marcianne Mukamurenzi","F",28,156,51,20.956607495069,1988,"Rwanda","Sub-Saharan Africa","Africa",7030179,2395493878,0,5,FALSE,2,1,0,0,163.258333333333,156.883333333333,646,731,2,1,232.5,270,878.5,1001,3,38,FALSE,"2:40:12",160.2,9612
"223","Claudette Mukasakindi","F",29,160,50,19.53125,2012,"Rwanda","Sub-Saharan Africa","Africa",10788853,7315702176,0,5,FALSE,1,0,0,0,160.3,160.3,683,683,1,1,270,270,953,953,3,101,FALSE,"2:51:07",171.116666666667,10267
"224","Genoveva Eichenmann","F",31,162,52,19.8140527358634,1988,"Switzerland","Western Europe","Europe",6593386,2.09298e+11,0,0,FALSE,4,0,1,0,156.475,154.716666666667,736.5,762,1,1,270,270,1006.5,1032,4,47,FALSE,"2:44:37",164.616666666667,9877
"225","Maja Doris Neuenschwander","F",32,168,53,18.7783446712018,2012,"Switzerland","Western Europe","Europe",7996861,6.68044e+11,0,0,FALSE,7,4,0,1,158.571428571429,151.933333333333,708.285714285714,802,3.28571428571429,1,199.285714285714,270,907.571428571429,1072,4,53,FALSE,"2:34:50",154.833333333333,9290
"226","Daria Nauer (-Lyrenmann)","F",34,168,50,17.7154195011338,2000,"Switzerland","Western Europe","Europe",7184250,2.72055e+11,0,0,FALSE,1,1,0,0,152.633333333333,152.633333333333,792,792,2,2,220,220,1012,1012,11,38,FALSE,"2:43:00",163,9780
"227","Maja Doris Neuenschwander","F",36,168,53,18.7783446712018,2016,"Switzerland","Western Europe","Europe",8372098,6.68851e+11,0,0,FALSE,11,5,2,1,155.022727272727,146.816666666667,759.636363636364,880,3,1,202.727272727273,270,962.363636363636,1100,11,29,FALSE,"2:34:27",154.45,9267
"228","Evy Gunilla Palm (Warnicke-)","F",46,166,53,19.2335607490202,1988,"Sweden","Northern Europe","Europe",8436489,2.04068e+11,0,0,FALSE,4,2,0,0,157.854166666667,151.583333333333,721.5,808,1.25,1,257.5,270,979,1078,4,24,FALSE,"2:34:41",154.683333333333,9281
"229","Isabellah Moraa Andersson (Amoro-)","F",31,170,55,19.0311418685121,2012,"Sweden","Northern Europe","Europe",9519374,5.43881e+11,0,0,FALSE,5,2,1,0,148.526666666667,143.683333333333,855.4,930,1.8,1,235,270,1090.4,1150,19,18,FALSE,"2:27:36",147.6,8856
"230","Jane Vongvorachoti","F",32,166,53,19.2335607490202,2016,"Thailand","South-eastern Asia","Asia",68863514,4.07026e+11,0,0,FALSE,4,2,1,1,167.3375,160.666666666667,593.75,678,4.75,1,190,270,783.75,948,22,91,FALSE,"2:47:27",167.45,10047
"231","Natthaya Thanaronnawat","F",37,158,47,18.8271110398974,2016,"Thailand","South-eastern Asia","Asia",68863514,4.07026e+11,0,0,FALSE,4,0,1,1,177.245833333333,164.75,475.5,623,2.5,1,236.25,270,711.75,783,7,130,FALSE,"3:11:31",191.516666666667,11491
"232","Aguida Fatima Amaral","F",32,148,43,19.6311176040906,2004,"Timor-Leste","South-eastern Asia","Asia",996698,442875784,0,0,FALSE,1,0,1,0,190.916666666667,190.916666666667,328,328,9,9,80,80,408,408,47,65,FALSE,"3:18:25",198.416666666667,11905
"233","Amira Ben Amor","F",26,168,49,17.3611111111111,2012,"Tunisia","Northern Africa","Africa",10886668,45044112939,0,0,FALSE,1,0,0,0,162.25,162.25,656,656,1,1,270,270,926,926,9,80,FALSE,"2:40:13",160.216666666667,9613
"234","Sultan Haydar","F",25,170,55,19.0311418685121,2012,"Turkey","Western Asia","Asia",74569867,8.73982e+11,0,1,FALSE,2,1,1,0,150.125,145.15,831,906,1,1,270,270,1101,1176,4,72,FALSE,"2:38:26",158.433333333333,9506
"235","Sultan Haydar","F",29,170,55,19.0311418685121,2016,"Turkey","Western Asia","Asia",79512426,8.63712e+11,0,1,FALSE,5,3,1,0,148.01,144.733333333333,862.6,913,1.2,1,260,270,1122.6,1176,19,111,FALSE,"2:53:57",173.95,10437
"236","Esma Aydemir","F",24,160,48,18.75,2016,"Turkey","Western Asia","Asia",79512426,8.63712e+11,0,1,FALSE,1,0,1,0,155.366666666667,155.366666666667,752,752,3,3,195,195,947,947,4,58,FALSE,"2:39:59",159.983333333333,9599
"237","Jane Suuto","F",33,176,58,18.724173553719,2012,"Uganda","Sub-Saharan Africa","Africa",36306796,23132149257,0,5,FALSE,6,0,0,1,164.444444444444,157.716666666667,628.666666666667,719,1,1,270,270,898.666666666667,989,14,93,FALSE,"2:44:46",164.766666666667,9886
"238","Olha Yevstafivna Kotovska","F",32,167,50,17.9282154254366,2016,"Ukraine","Eastern Europe","Europe",45004645,93270479389,0,0,FALSE,6,0,0,4,154.383333333333,149.216666666667,767.5,843,1.16666666666667,1,261.666666666667,270,1029.16666666667,1100,16,33,FALSE,"2:34:57",154.95,9297
"239","Nataliya Serhivna Lehonkova","F",33,161,48,18.5178040970642,2016,"Ukraine","Eastern Europe","Europe",45004645,93270479389,0,0,FALSE,8,0,1,1,162.970833333333,151.133333333333,652,814,1.125,1,263.75,270,915.75,1084,10,87,FALSE,"2:46:08",166.133333333333,9968
"240","Olena Ivanivna Burkovska","F",30,158,50,20.0288415318058,2012,"Ukraine","Eastern Europe","Europe",45593300,1.75781e+11,0,0,FALSE,4,1,2,1,151.279166666667,148.516666666667,812.25,854,1,1,270,270,1082.25,1124,23,48,FALSE,"2:33:26",153.433333333333,9206
"241","Anne Marie Lauck (Letko-)","F",27,168,48,17.0068027210884,1996,"USA","Northern America","Northern America",269394000,8.1002e+12,0,0,TRUE,1,0,0,0,151.3,151.3,812,812,1,1,270,270,1082,1082,6,10,FALSE,"2:31:30",151.5,9090
"242","Jennifer L. ""Jen"" Rhines","F",30,160,48,18.75,2004,"USA","Northern America","Northern America",292805298,1.22749e+13,0,0,FALSE,2,1,0,0,155.608333333333,149.95,751,832,2,1,232.5,270,983.5,1102,4,34,FALSE,"2:43:52",163.866666666667,9832
"243","Blake Russell (Phillips-)","F",33,165,48,17.6308539944904,2008,"USA","Northern America","Northern America",304093966,1.47186e+13,0,0,FALSE,4,2,0,0,150.7625,149.166666666667,820,844,1.25,1,257.5,270,1077.5,1114,34,27,FALSE,"2:33:13",153.216666666667,9193
"244","Shalane Flanagan (-Edwards)","F",31,166,47,17.056176513282,2012,"USA","Northern America","Northern America",313998379,1.61553e+13,0,0,FALSE,2,0,0,1,147.15,145.633333333333,875.5,899,1,1,270,270,1145.5,1169,7,10,FALSE,"2:25:51",145.85,8751
"245","Kara Goucher (Grgas-, Wheeler-)","F",34,170,56,19.3771626297578,2012,"USA","Northern America","Northern America",313998379,1.61553e+13,0,0,FALSE,2,1,0,1,146.95,146.1,878,891,3,2,197.5,220,1075.5,1111,7,11,FALSE,"2:26:07",146.116666666667,8767
"246","Shalane Flanagan (-Edwards)","F",35,166,47,17.056176513282,2016,"USA","Northern America","Northern America",323127513,1.86245e+13,0,0,FALSE,3,1,0,1,145.177777777778,141.233333333333,906.666666666667,969,1.33333333333333,1,253.333333333333,270,1160,1189,23,6,FALSE,"2:25:26",145.433333333333,8726
"247","Christine ""Chris"" Clark","F",37,165,50,18.3654729109275,2000,"USA","Northern America","Northern America",282162411,1.02848e+13,0,0,FALSE,1,0,0,0,160.633333333333,160.633333333333,678,678,1,1,270,270,948,948,10,19,FALSE,"2:31:35",151.583333333333,9095
"248","Rutendo Joan Nyahora","F",27,155,45,18.7304890738814,2016,"Zimbabwe","Sub-Saharan Africa","Africa",16150362,16619960402,0,5,FALSE,1,0,0,0,159.966666666667,159.966666666667,687,687,1,1,270,270,957,957,4,92,FALSE,"2:47:32",167.533333333333,10052
"249","Tarath Tabitha Tsatsa","F",35,158,44,17.6253805479891,2008,"Zimbabwe","Sub-Saharan Africa","Africa",13558469,4415702800,0,5,FALSE,5,0,2,1,154.783333333333,149.333333333333,762.6,841,1.4,1,255,270,1017.6,1098,5,49,FALSE,"2:37:10",157.166666666667,9430
